id,fill,category,type,brand,bottle,age,abv,proof,cask,distillery,corp_owner,origin,char_level,mash_bill,tasting_notes
0001,plenty,Scotch,Single Malt Scotch,Aberfeldy,12 yr,12,40%,80°,Ex-bourbon & sherry hogsheads,Aberfeldy Distillery,Bacardi,Scotland (Highland),N/A,"{""corn"": """", ""barley"": """", ""maltedBarley"": ""100"", ""rye"": """", ""maltedRye"": """", ""wheat"": """"}","{""nose"": """", ""palate"": """", ""finish"": """"}"
0002,average,Scotch,Single Malt Scotch,Aberlour,12 yr,12,40%,80°,Ex-bourbon & Oloroso sherry,Aberlour Distillery,Pernod Ricard,Scotland (Speyside),N/A,"{""corn"": """", ""barley"": """", ""maltedBarley"": ""100"", ""rye"": """", ""maltedRye"": """", ""wheat"": """"}","{""nose"": ""Leather, apricot, purple grapes, oreo creme, graham cracker"", ""palate"": ""Soft creamy fruit into leather, cinnamon metalic (in a good way) spice, and dark red fruit"", ""finish"": ""Medium""}"
0003,average,Scotch,Single Malt Scotch,Aberlour,A'Bunadh Alba,(10-12),57.1%,114.2°,Ex-bourbon only (cask strength),Aberlour Distillery,Pernod Ricard,Scotland (Speyside),N/A,"{""corn"": """", ""barley"": """", ""maltedBarley"": ""100"", ""rye"": """", ""maltedRye"": """", ""wheat"": """"}","{""nose"": """", ""palate"": """", ""finish"": """"}"
0004,low,Scotch,Single Malt Scotch,Ardbeg,10 yr,10,46%,92°,Ex-bourbon (1st & 2nd fill),Ardbeg Distillery,LVMH (Moët Hennessy Louis Vuitton),Scotland (Islay),N/A,"{""corn"": """", ""barley"": """", ""maltedBarley"": ""100"", ""rye"": """", ""maltedRye"": """", ""wheat"": """"}","{""nose"": """", ""palate"": """", ""finish"": """"}"
0005,average,Scotch,Single Malt Scotch,Ardbeg,Uigeadail,(6-10),54.2%,108.4°,Ex-bourbon & Oloroso sherry (vatted NAS),Ardbeg Distillery,LVMH (Moët Hennessy Louis Vuitton),Scotland (Islay),N/A,"{""corn"": """", ""barley"": """", ""maltedBarley"": ""100"", ""rye"": """", ""maltedRye"": """", ""wheat"": """"}","{""nose"": """", ""palate"": """", ""finish"": """"}"
0006,average,Scotch,Single Malt Scotch,Bruichladdich,The Classic Laddie,(5-10),50%,100°,"Ex-bourbon (1st & 2nd fill); ex-wine (Sauternes, Pauillac, Sherry, Madeira, Rivesaltes)",Bruichladdich Distillery,Rémy Cointreau,Scotland (Islay),N/A,"{""corn"": """", ""barley"": """", ""maltedBarley"": ""100"", ""rye"": """", ""maltedRye"": """", ""wheat"": """"}","{""nose"": """", ""palate"": """", ""finish"": """"}"
0007,extremely-low,Scotch,Single Malt Scotch,Bunnahabhain,12 yr,12,46.3%,92.6°,Ex-bourbon & sherry,Bunnahabhain Distillery,Distell (Heineken),Scotland (Islay),N/A,"{""corn"": """", ""barley"": """", ""maltedBarley"": ""100"", ""rye"": """", ""maltedRye"": """", ""wheat"": """"}","{""nose"": """", ""palate"": """", ""finish"": """"}"
0008,plenty,Scotch,Single Malt Scotch,Bunnahabhain,Stiuireadair,(7-10),46.3%,92.6°,Oloroso sherry (1st & 2nd fill only),Bunnahabhain Distillery,Distell (Heineken),Scotland (Islay),N/A,"{""corn"": """", ""barley"": """", ""maltedBarley"": ""100"", ""rye"": """", ""maltedRye"": """", ""wheat"": """"}","{""nose"": ""Hot baked cherry pie with vanilla ice cream on top,"", ""palate"": ""Soft red fruit covered in cream turns to baking spice (not cinnamon or pepper. something else more citrus and mint)"", ""finish"": ""Long""}"
0009,plenty,Scotch,Single Malt Scotch,Caol Ila,12 yr,12,43%,86°,Ex-bourbon (peated malt),Caol Ila Distillery,Diageo,Scotland (Islay),N/A,"{""corn"": """", ""barley"": """", ""maltedBarley"": ""100"", ""rye"": """", ""maltedRye"": """", ""wheat"": """"}","{""nose"": """", ""palate"": """", ""finish"": """"}"
0010,extremely-low,Scotch,Single Malt Scotch,Glenfarclas,12 yr,12,43%,86°,Oloroso sherry butts exclusively,Glenfarclas Distillery,J&G Grant (Independent),Scotland (Speyside),N/A,"{""corn"": """", ""barley"": """", ""maltedBarley"": ""100"", ""rye"": """", ""maltedRye"": """", ""wheat"": """"}","{""nose"": """", ""palate"": """", ""finish"": """"}"
0011,low,Scotch,Single Malt Scotch,Glenfiddich,12 yr,12,40%,80°,Ex-bourbon & Oloroso sherry,Glenfiddich Distillery,William Grant & Sons,Scotland (Speyside),N/A,"{""corn"": """", ""barley"": """", ""maltedBarley"": ""100"", ""rye"": """", ""maltedRye"": """", ""wheat"": """"}","{""nose"": """", ""palate"": """", ""finish"": """"}"
0012,plenty,Scotch,Single Malt Scotch,Glenfiddich,14 yr,14,43%,86°,Ex-bourbon; Finished: new charred American oak,Glenfiddich Distillery,William Grant & Sons,Scotland (Speyside),N/A,"{""corn"": """", ""barley"": """", ""maltedBarley"": ""100"", ""rye"": """", ""maltedRye"": """", ""wheat"": """"}","{""nose"": ""Floral, honey, vanilla, hot cocoa powder, apricot,"", ""palate"": ""Citrus creamsicle, honey-mint spice"", ""finish"": ""Short""}"
0013,average,Scotch,Single Malt Scotch,Glenfiddich,15 yr,15,40%,80°,"Ex-bourbon, Oloroso sherry & new American oak (Solera vat)",Glenfiddich Distillery,William Grant & Sons,Scotland (Speyside),N/A,"{""corn"": """", ""barley"": """", ""maltedBarley"": ""100"", ""rye"": """", ""maltedRye"": """", ""wheat"": """"}","{""nose"": """", ""palate"": """", ""finish"": """"}"
0014,extremely-low,Scotch,Single Malt Scotch,Glenmorangie,The Original 10 yr,10,43%,86°,Ex-bourbon,Glenmorangie Distillery,LVMH (Moët Hennessy Louis Vuitton),Scotland (Highland),N/A,"{""corn"": """", ""barley"": """", ""maltedBarley"": ""100"", ""rye"": """", ""maltedRye"": """", ""wheat"": """"}","{""nose"": """", ""palate"": """", ""finish"": """"}"
0015,average,Scotch,Single Malt Scotch,Glenmorangie,Triple Cask Reserve,(8-10),40%,80°,"Ex-bourbon, Oloroso sherry & Madeira",Glenmorangie Distillery,LVMH (Moët Hennessy Louis Vuitton),Scotland (Highland),N/A,"{""corn"": """", ""barley"": """", ""maltedBarley"": ""100"", ""rye"": """", ""maltedRye"": """", ""wheat"": """"}","{""nose"": ""Flowers, citrus, marshmallow fluff, honey, light wood, red licorice"", ""palate"": ""Light, sweet, fruity, floral, metalic spice on the end"", ""finish"": ""Short""}"
0016,plenty,Scotch,Single Malt Scotch,Highland Park,12 yr,12,43%,86°,Sherry-seasoned European & American oak (lightly peated),Highland Park Distillery,Edrington Group,Scotland (Orkney),N/A,"{""corn"": """", ""barley"": """", ""maltedBarley"": ""100"", ""rye"": """", ""maltedRye"": """", ""wheat"": """"}","{""nose"": ""Band-aid peat surrounded by red fruit, strawberry shortcake, dried cranberry"", ""palate"": ""Metallic into cherry cough drop, band-aid"", ""finish"": """"}"
0017,average,Scotch,Single Malt Scotch,Isle of Raasay,Hebridean Single Malt,(3-5),46.4%,92.8°,"Ex-bourbon & STR casks (sherry, toasted, recharred)",Isle of Raasay Distillery,R&B Distillers,Scotland (Island),N/A,"{""corn"": """", ""barley"": """", ""maltedBarley"": ""100"", ""rye"": """", ""maltedRye"": """", ""wheat"": """"}","{""nose"": """", ""palate"": """", ""finish"": """"}"
0018,low,Scotch,Blended Scotch,Johnnie Walker,Black Label,12,40%,80°,"Ex-bourbon, sherry & refill (blended)",Various (Blended),Diageo,Scotland,N/A,"{""corn"": ""(40)"", ""barley"": """", ""maltedBarley"": ""(60)"", ""rye"": """", ""maltedRye"": """", ""wheat"": """"}","{""nose"": """", ""palate"": """", ""finish"": """"}"
0019,plenty,Scotch,Blended Scotch,Johnnie Walker,White Walker,(10-12),41.7%,83.4°,Ex-bourbon & refill (blended NAS),Various (Blended),Diageo,Scotland,N/A,"{""corn"": ""(40)"", ""barley"": """", ""maltedBarley"": ""(60)"", ""rye"": """", ""maltedRye"": """", ""wheat"": """"}","{""nose"": """", ""palate"": """", ""finish"": """"}"
0020,average,Scotch,Single Malt Scotch,Lagavulin,16 yr,16,43%,86°,Ex-bourbon & sherry hogsheads,Lagavulin Distillery,Diageo,Scotland (Islay),N/A,"{""corn"": """", ""barley"": """", ""maltedBarley"": ""100"", ""rye"": """", ""maltedRye"": """", ""wheat"": """"}","{""nose"": """", ""palate"": """", ""finish"": """"}"
0021,plenty,Scotch,Single Malt Scotch,Lagavulin,8 yr,8,48%,96°,Ex-bourbon (heavily peated),Lagavulin Distillery,Diageo,Scotland (Islay),N/A,"{""corn"": """", ""barley"": """", ""maltedBarley"": ""100"", ""rye"": """", ""maltedRye"": """", ""wheat"": """"}","{""nose"": """", ""palate"": """", ""finish"": """"}"
0022,plenty,Scotch,Single Malt Scotch,Laphroaig,10 yr,10,43%,86°,Ex-bourbon (heavily peated; floor malted on-site),Laphroaig Distillery,Beam Suntory,Scotland (Islay),N/A,"{""corn"": """", ""barley"": """", ""maltedBarley"": ""100"", ""rye"": """", ""maltedRye"": """", ""wheat"": """"}","{""nose"": """", ""palate"": """", ""finish"": """"}"
0023,average,Scotch,Single Malt Scotch,Laphroaig,10 yr Cask Strength,10,57.9%,115.8°,"Ex-bourbon, cask strength (floor malted on-site)",Laphroaig Distillery,Beam Suntory,Scotland (Islay),N/A,"{""corn"": """", ""barley"": """", ""maltedBarley"": ""100"", ""rye"": """", ""maltedRye"": """", ""wheat"": """"}","{""nose"": """", ""palate"": """", ""finish"": """"}"
0024,plenty,Scotch,Single Malt Scotch,Loch Lomond,14 yr,14,46%,92°,Refill American Oak (3 cask types); Finished: Limousin French Oak,Loch Lomond Distillery,Loch Lomond Group (Hillhouse Capital),Scotland (Highland),N/A,"{""corn"": """", ""barley"": """", ""maltedBarley"": ""100"", ""rye"": """", ""maltedRye"": """", ""wheat"": """"}","{""nose"": ""Cooked apples, like a sherry finish but it's not, hot cocoa powder,"", ""palate"": ""Cooked apples but spicier, sweet but spicy, metalic in a good way, hint of smoke way after"", ""finish"": ""Short to medium""}"
0025,average,Scotch,Single Malt Scotch,Oban,14 yr,14,43%,86°,Ex-bourbon,Oban Distillery,Diageo,Scotland (Highland),N/A,"{""corn"": """", ""barley"": """", ""maltedBarley"": ""100"", ""rye"": """", ""maltedRye"": """", ""wheat"": """"}","{""nose"": """", ""palate"": """", ""finish"": """"}"
0026,average,Scotch,Single Malt Scotch,Port Charlotte,10 yr,10,50%,100°,"Ex-bourbon & wine casks (heavily peated, 40 ppm)",Bruichladdich Distillery,Rémy Cointreau,Scotland (Islay),N/A,"{""corn"": """", ""barley"": """", ""maltedBarley"": ""100"", ""rye"": """", ""maltedRye"": """", ""wheat"": """"}","{""nose"": """", ""palate"": """", ""finish"": """"}"
0027,average,Scotch,Single Malt Scotch,Talisker,10 yr,10,45.8%,91.6°,Ex-bourbon,Talisker Distillery,Diageo,Scotland (Island),N/A,"{""corn"": """", ""barley"": """", ""maltedBarley"": ""100"", ""rye"": """", ""maltedRye"": """", ""wheat"": """"}","{""nose"": """", ""palate"": """", ""finish"": """"}"
0028,extremely-low,Scotch,Single Malt Scotch,The Balvenie,DoubleWood 12 yr,12,43%,86°,Ex-bourbon; Finished: Oloroso sherry (DoubleWood),Balvenie Distillery,William Grant & Sons,Scotland (Speyside),N/A,"{""corn"": """", ""barley"": """", ""maltedBarley"": ""100"", ""rye"": """", ""maltedRye"": """", ""wheat"": """"}","{""nose"": """", ""palate"": """", ""finish"": """"}"
0029,low,Scotch,Single Malt Scotch,The Dalmore,12 yr,12,40%,80°,Ex-bourbon & Matusalem Oloroso sherry,Dalmore Distillery,Whyte & Mackay (Emperador),Scotland (Highland),N/A,"{""corn"": """", ""barley"": """", ""maltedBarley"": ""100"", ""rye"": """", ""maltedRye"": """", ""wheat"": """"}","{""nose"": """", ""palate"": """", ""finish"": """"}"
0030,low,Scotch,Single Malt Scotch,The Glenlivet,12 yr,12,40%,80°,Ex-bourbon,Glenlivet Distillery,Pernod Ricard,Scotland (Speyside),N/A,"{""corn"": """", ""barley"": """", ""maltedBarley"": ""100"", ""rye"": """", ""maltedRye"": """", ""wheat"": """"}","{""nose"": """", ""palate"": """", ""finish"": """"}"
0031,low,Scotch,Single Malt Scotch,The Glenlivet,12 yr Illicit Still,12,48%,96°,Ex-bourbon (replicates illicit still style),Glenlivet Distillery,Pernod Ricard,Scotland (Speyside),N/A,"{""corn"": """", ""barley"": """", ""maltedBarley"": ""100"", ""rye"": """", ""maltedRye"": """", ""wheat"": """"}","{""nose"": """", ""palate"": """", ""finish"": """"}"
0032,average,Scotch,Single Malt Scotch,The Glenlivet,Caribbean Reserve,(8-12),40%,80°,Ex-bourbon; Finished: Caribbean rum casks,Glenlivet Distillery,Pernod Ricard,Scotland (Speyside),N/A,"{""corn"": """", ""barley"": """", ""maltedBarley"": ""100"", ""rye"": """", ""maltedRye"": """", ""wheat"": """"}","{""nose"": """", ""palate"": """", ""finish"": """"}"
0033,plenty,Scotch,Single Malt Scotch,The Glenlivet,Founder's Reserve,(8-12),40%,80°,Ex-bourbon,Glenlivet Distillery,Pernod Ricard,Scotland (Speyside),N/A,"{""corn"": """", ""barley"": """", ""maltedBarley"": ""100"", ""rye"": """", ""maltedRye"": """", ""wheat"": """"}","{""nose"": ""Orange peanuts candy all day, soft lumber, hints of leather, tropical fruit"", ""palate"": ""Hints of hi-chew and smooth fruit chew candies slowly transitions into a beer after taste"", ""finish"": ""Short to medium""}"
0034,average,Scotch,Blended Scotch,Trader Joe's,Blended Scotch Whisky,(5-8),40%,80°,"Ex-bourbon & sherry (blended, undisclosed)",Contract / Undisclosed,Trader Joe's,Scotland,N/A,"{""corn"": ""(40)"", ""barley"": """", ""maltedBarley"": ""(60)"", ""rye"": """", ""maltedRye"": """", ""wheat"": """"}","{""nose"": """", ""palate"": """", ""finish"": """"}"
0035,average,Scotch,Single Malt Scotch,Trader Joe's,Highland Single Malt,(8-12),40%,80°,Ex-bourbon (undisclosed distillery),Contract / Undisclosed,Trader Joe's,Scotland (Highland),N/A,"{""corn"": """", ""barley"": """", ""maltedBarley"": ""100"", ""rye"": """", ""maltedRye"": """", ""wheat"": """"}","{""nose"": """", ""palate"": """", ""finish"": """"}"
0036,average,Scotch,Single Malt Scotch,Trader Joe's,Highland Single Malt 10 yr,10,40%,80°,Ex-bourbon (undisclosed distillery),Contract / Undisclosed,Trader Joe's,Scotland (Highland),N/A,"{""corn"": """", ""barley"": """", ""maltedBarley"": ""100"", ""rye"": """", ""maltedRye"": """", ""wheat"": """"}","{""nose"": """", ""palate"": """", ""finish"": """"}"
0037,average,Scotch,Single Malt Scotch,Trader Joe's,Speyside Single Malt,8,40%,80°,Ex-bourbon (undisclosed Speyside distillery),Contract / Undisclosed,Trader Joe's,Scotland (Speyside),N/A,"{""corn"": """", ""barley"": """", ""maltedBarley"": ""100"", ""rye"": """", ""maltedRye"": """", ""wheat"": """"}","{""nose"": """", ""palate"": """", ""finish"": """"}"
0038,plenty,Irish,Blended Irish,Bushmills,Prohibition Recipe,(4-8),46%,92°,"Ex-bourbon, sherry & rum (triple cask)",Old Bushmills Distillery,Becle (Cuervo),Ireland (County Antrim),N/A,"{""corn"": ""(40)"", ""barley"": """", ""maltedBarley"": ""(60)"", ""rye"": """", ""maltedRye"": """", ""wheat"": """"}","{""nose"": """", ""palate"": """", ""finish"": """"}"
0039,average,Irish,Blended Irish,Jameson,Irish Whiskey,(4-7),40%,80°,"Ex-bourbon, sherry & new oak (triple distilled)",Midleton Distillery,Pernod Ricard,Ireland (County Cork),N/A,"{""corn"": ""(30)"", ""barley"": ""(20)"", ""maltedBarley"": ""(50)"", ""rye"": """", ""maltedRye"": """", ""wheat"": """"}","{""nose"": ""Honey, pear, flaky pastry, vanilla cream,"", ""palate"": ""Light, creamy sweet, vanilla,"", ""finish"": ""Medium""}"
0040,plenty,Irish,Blended Irish,Power's,Gold Label,(4-7),43.2%,86.4°,Ex-bourbon & sherry (single pot still blend),Midleton Distillery,Pernod Ricard,Ireland (County Cork),N/A,"{""corn"": ""(20)"", ""barley"": ""(30)"", ""maltedBarley"": ""(50)"", ""rye"": """", ""maltedRye"": """", ""wheat"": """"}","{""nose"": """", ""palate"": """", ""finish"": """"}"
0041,plenty,Irish,Single Pot Still Irish,Redbreast,12 yr,12,40%,80°,Ex-bourbon & Oloroso sherry (single pot still),Midleton Distillery,Pernod Ricard,Ireland (County Cork),N/A,"{""corn"": """", ""barley"": ""(50)"", ""maltedBarley"": ""(50)"", ""rye"": """", ""maltedRye"": """", ""wheat"": """"}","{""nose"": ""Sweet red fruit, peach cobbler, cream soda"", ""palate"": ""Light and creamy with subtle spice (nutmeg?), french vanilla ice cream melting over warm pie"", ""finish"": ""Medium to long""}"
0042,low,Irish,Blended Irish,Slane,Irish Whiskey,(4-8),40%,80°,"Triple cask: virgin, seasoned & ex-bourbon",Slane Distillery,Brown-Forman,Ireland (County Meath),N/A,"{""corn"": ""(30)"", ""barley"": ""(20)"", ""maltedBarley"": ""(50)"", ""rye"": """", ""maltedRye"": """", ""wheat"": """"}","{""nose"": """", ""palate"": """", ""finish"": """"}"
0043,average,Irish,Single Pot Still Irish,Spot Whiskey,Green Spot,(7-10),40%,80°,"Ex-bourbon, sherry & new oak (single pot still)",Midleton Distillery,Pernod Ricard,Ireland (County Cork),N/A,"{""corn"": """", ""barley"": ""(50)"", ""maltedBarley"": ""(50)"", ""rye"": """", ""maltedRye"": """", ""wheat"": """"}","{""nose"": """", ""palate"": """", ""finish"": """"}"
0044,low,Irish,Single Grain Irish,Teeling,Single Grain,(4-8),46%,92°,Cabernet Sauvignon wine casks (column still grain),Teeling Distillery,Bacardi,Ireland (Dublin),N/A,"{""corn"": ""95"", ""barley"": """", ""maltedBarley"": ""5"", ""rye"": """", ""maltedRye"": """", ""wheat"": """"}","{""nose"": """", ""palate"": """", ""finish"": """"}"
0045,average,Irish,Blended Irish,Teeling,Small Batch,(4-8),46%,92°,"Ex-rum, ex-Calvados & ex-bourbon (blended)",Teeling Distillery,Bacardi,Ireland (Dublin),N/A,"{""corn"": ""(30)"", ""barley"": ""(20)"", ""maltedBarley"": ""(50)"", ""rye"": """", ""maltedRye"": """", ""wheat"": """"}","{""nose"": """", ""palate"": """", ""finish"": """"}"
0046,plenty,Irish,Blended Irish,Trader Joe's,Special Reserve,(4-7),40%,80°,"Ex-bourbon & sherry (blended, undisclosed)",Contract / Undisclosed,Trader Joe's,Ireland,N/A,"{""corn"": ""(30)"", ""barley"": ""(20)"", ""maltedBarley"": ""(50)"", ""rye"": """", ""maltedRye"": """", ""wheat"": """"}","{""nose"": ""Butterscotch, caramel, mild rubbing alcohol, peanut brittle"", ""palate"": ""Caramel, toffee, black pepper"", ""finish"": ""Medium""}"
0047,low,Irish,Blended Irish,Tullamore D.E.W.,Irish Whiskey,(4-8),40%,80°,"Ex-bourbon, sherry & new oak (triple cask)",Tullamore Distillery,William Grant & Sons,Ireland (County Offaly),N/A,"{""corn"": ""(30)"", ""barley"": ""(20)"", ""maltedBarley"": ""(50)"", ""rye"": """", ""maltedRye"": """", ""wheat"": """"}","{""nose"": ""Caramel, buttered toast, grape jelly,"", ""palate"": ""Fruit stripes gum, grilled fruit, nutmeg"", ""finish"": ""Medium""}"
0048,low,Irish,Blended Irish,Tullamore D.E.W.,Special Reserve 12 yr,12,40%,80°,Ex-bourbon & sherry (triple distilled),Tullamore Distillery,William Grant & Sons,Ireland (County Offaly),N/A,"{""corn"": ""(30)"", ""barley"": ""(20)"", ""maltedBarley"": ""(50)"", ""rye"": """", ""maltedRye"": """", ""wheat"": """"}","{""nose"": """", ""palate"": """", ""finish"": """"}"
0049,average,Japanese,Japanese Grain,Nikka,Coffey Grain Whisky,(5-12),,,Ex-bourbon & sherry (Coffey column still),Miyagikyo / Yoichi Distillery,Asahi Group Holdings,Japan,N/A,"{""corn"": ""95"", ""barley"": """", ""maltedBarley"": ""5"", ""rye"": """", ""maltedRye"": """", ""wheat"": """"}","{""nose"": """", ""palate"": """", ""finish"": """"}"
0050,plenty,American Single Malt,American Single Malt,Copper Works,MaltSmith,3,50%,100°,Ex-bourbon & new oak (5-malt bill),Copper Works Distillery,Independent,Washington,(#3),"{""corn"": """", ""barley"": """", ""maltedBarley"": ""100"", ""rye"": """", ""maltedRye"": """", ""wheat"": """"}","{""nose"": ""Grapefruit, apricot, sweet bread, floral"", ""palate"": ""Soft, bright fruit into fruity christmas spice or jam"", ""finish"": """"}"
0051,low,American Single Malt,American Single Malt,Stranahan's,Original,6-9,47%,94°,Blend: multiple Colorado distilleries,Stranahan's Distillery,Proximo Spirits,Colorado,(#3),"{""corn"": """", ""barley"": """", ""maltedBarley"": ""100"", ""rye"": """", ""maltedRye"": """", ""wheat"": """"}","{""nose"": """", ""palate"": """", ""finish"": """"}"
0052,low,American Single Malt,American Single Malt,Virginia Distillery Co.,Blue Ridge Select,(3-5),46.5%,93°,Ex-bourbon & STR casks; Shenandoah Valley barley,Virginia Distillery Co.,Independent,Virginia,(#3),"{""corn"": """", ""barley"": """", ""maltedBarley"": ""100"", ""rye"": """", ""maltedRye"": """", ""wheat"": """"}","{""nose"": """", ""palate"": """", ""finish"": """"}"
0053,low,American Single Malt,Blended American,Watchpost,American Blended Whiskey,8,42.5%,85°,Ex-bourbon & new oak (sourced blend),Watchpost Distillery,Independent,"Kentucky, Indiana",(#3),"{""corn"": """", ""barley"": """", ""maltedBarley"": ""(100)"", ""rye"": """", ""maltedRye"": """", ""wheat"": """"}","{""nose"": """", ""palate"": """", ""finish"": """"}"
0054,low,American Single Malt,American Single Malt,Westland,Flagship,(3-5),46%,92°,"New oak (~65%), ex-bourbon & Oloroso sherry; 5-malt bill w/ peated malt",Westland Distillery,Rémy Cointreau,Washington,(#3),"{""corn"": """", ""barley"": """", ""maltedBarley"": ""100"", ""rye"": """", ""maltedRye"": """", ""wheat"": """"}","{""nose"": """", ""palate"": """", ""finish"": """"}"
0055,plenty,American Single Malt,American Single Malt,Westland,Hand-Filled 10741,(4-6),63%,126°,"Single cask, hand-filled at distillery",Westland Distillery,Rémy Cointreau,Washington,(#3),"{""corn"": """", ""barley"": """", ""maltedBarley"": ""100"", ""rye"": """", ""maltedRye"": """", ""wheat"": """"}","{""nose"": """", ""palate"": """", ""finish"": """"}"
0056,average,American Single Malt,American Single Malt,Westward,Single Malt Whiskey,(2-5),45%,90°,New oak & ex-bourbon (Oregon barley),House Spirits Distillery,Diageo (Distill Ventures),Oregon,(#3),"{""corn"": """", ""barley"": """", ""maltedBarley"": ""100"", ""rye"": """", ""maltedRye"": """", ""wheat"": """"}","{""nose"": """", ""palate"": """", ""finish"": """"}"
0057,average,American Rye,Blended Rye,Barrel,Seagrass,(3-10),60.1%,120.2°,"Finished: Martinique rum, Madeira & apricot brandy",Various (Sourced & Blended),Independent,"Kentucky, Indiana, Tennessee, Canada",(#3),"{""corn"": ""(30)"", ""barley"": """", ""maltedBarley"": ""(13)"", ""rye"": ""(57)"", ""maltedRye"": """", ""wheat"": """"}","{""nose"": """", ""palate"": """", ""finish"": """"}"
0058,plenty,American Rye,Straight Rye,Colonel E.H. Taylor,Straight Rye (Bottled-in-Bond),(9),50%,100°,"BT Rye Mash Bill (100% rye + malted barley, no corn)",Buffalo Trace Distillery,Sazerac,Kentucky,(#4),"{""corn"": """", ""barley"": """", ""maltedBarley"": ""(35)"", ""rye"": ""(65)"", ""maltedRye"": """", ""wheat"": """"}","{""nose"": """", ""palate"": """", ""finish"": """"}"
0059,plenty,American Rye,Straight Rye,Elijah Craig,Straight Rye,(4-6),47%,94°,,Heaven Hill Distillery,Heaven Hill,Kentucky,#3,"{""corn"": ""35"", ""barley"": """", ""maltedBarley"": ""14"", ""rye"": ""51"", ""maltedRye"": """", ""wheat"": """"}","{""nose"": ""Grass, mint, root beer,"", ""palate"": ""Light, mild, bright followed by mild spice and spearmint. Root beer"", ""finish"": ""Medium""}"
0060,average,American Rye,Straight Rye,Elijah Craig,Toasted Rye,(4-6),47%,94°,Finished: toasted new oak barrels,Heaven Hill Distillery,Heaven Hill,Kentucky,#3,"{""corn"": ""35"", ""barley"": """", ""maltedBarley"": ""14"", ""rye"": ""51"", ""maltedRye"": """", ""wheat"": """"}","{""nose"": """", ""palate"": """", ""finish"": """"}"
0061,average,American Rye,Straight Rye (Tennessee Rye),Jack Daniel's,Single Barrel,(4-6),48.5%,97°,Lincoln County Process charcoal filtered (maple),Jack Daniel Distillery,Brown-Forman,Tennessee,#3,"{""corn"": ""18"", ""barley"": """", ""maltedBarley"": ""12"", ""rye"": ""70"", ""maltedRye"": """", ""wheat"": """"}","{""nose"": ""Cherry sour straws, toasted marshmallow, burnt caramel,"", ""palate"": ""Creamy chocolate covered cherry, rye spice finish"", ""finish"": ""Long""}"
0062,low,American Rye,Straight Rye (Tennessee Rye),Jack Daniel's,Single Barrel Barrel Proof Rye,(5-7),64.9%,129.8°,Lincoln County Process charcoal filtered (maple),Jack Daniel Distillery,Brown-Forman,Tennessee,#3,"{""corn"": ""18"", ""barley"": """", ""maltedBarley"": ""12"", ""rye"": ""70"", ""maltedRye"": """", ""wheat"": """"}","{""nose"": """", ""palate"": """", ""finish"": """"}"
0063,plenty,American Rye,Straight Rye,Knob Creek,Rye,7,50%,100°,,Jim Beam Distillery,Beam-Suntory,Kentucky,#4,"{""corn"": ""35"", ""barley"": """", ""maltedBarley"": ""14"", ""rye"": ""51"", ""maltedRye"": """", ""wheat"": """"}","{""nose"": ""Light grassy/mint, vanilla, marshmallow. Mild rye"", ""palate"": ""Sweet up front becomes more rye spice on the backend with mint"", ""finish"": ""Long""}"
0064,low,American Rye,Straight Rye,Michter's,Straight Rye,(4-6),42.4%,84.8°,Chill filtered,Michter's Distillery (Shively),Chatham Imports,Kentucky,#3,"{""corn"": ""(33)"", ""barley"": """", ""maltedBarley"": ""(14)"", ""rye"": ""(53)"", ""maltedRye"": """", ""wheat"": """"}","{""nose"": """", ""palate"": """", ""finish"": """"}"
0065,average,American Rye,Straight Rye,New Riff,Straight Rye Bottled-in-Bond,4,50%,100°,,New Riff Distillery,Independent,Kentucky,#3,"{""corn"": """", ""barley"": """", ""maltedBarley"": """", ""rye"": ""95"", ""maltedRye"": ""5"", ""wheat"": """"}","{""nose"": """", ""palate"": """", ""finish"": """"}"
0066,plenty,American Rye,Straight Rye,Old Forester,Rye,(4-6),50%,100°,,Brown-Forman Distillery,Brown-Forman,Kentucky,#4,"{""corn"": ""15"", ""barley"": """", ""maltedBarley"": ""20"", ""rye"": ""64"", ""maltedRye"": """", ""wheat"": """"}","{""nose"": ""Cherry cola, mint, grass, brown sugar, graham cracker. After a sip I get carpet"", ""palate"": ""Cherry cola and mint spice. Long finish"", ""finish"": """"}"
0067,plenty,American Rye,Straight Rye,Old Forester,Single Barrel Barrel Proof Rye,(4-6),65.2%,130.4°,,Brown-Forman Distillery,Brown-Forman,Kentucky,#4,"{""corn"": ""15"", ""barley"": """", ""maltedBarley"": ""20"", ""rye"": ""64"", ""maltedRye"": """", ""wheat"": """"}","{""nose"": ""Cut grass, lemon, sandlewood soap, cinnamon"", ""palate"": ""Cherry, hot and spicy, lemongrass, vanilla"", ""finish"": ""Long""}"
0068,average,American Rye,Straight Rye,Penelope,Toasted Rye,6,50%,100°,Finished: heavy toast new oak (in-barrel),Various (Sourced),Independent,Indiana,#2,"{""corn"": """", ""barley"": """", ""maltedBarley"": ""5"", ""rye"": ""95"", ""maltedRye"": """", ""wheat"": """"}","{""nose"": """", ""palate"": """", ""finish"": """"}"
0069,average,American Rye,Straight Rye,Pikesville,Straight Rye,6,50.5%,110°,,Heaven Hill Distillery,Heaven Hill,Kentucky,#3,"{""corn"": ""37"", ""barley"": """", ""maltedBarley"": ""12"", ""rye"": ""51"", ""maltedRye"": """", ""wheat"": """"}","{""nose"": """", ""palate"": """", ""finish"": """"}"
0070,average,American Rye,Straight Rye,Redwood Empire,Emerald Giant,4,45%,90°,"Blend: multi-source (CA, IN, KY)",Various (Sourced & Blended),Independent,"California, Indiana, Kentucky",(#3),"{""corn"": ""(30)"", ""barley"": """", ""maltedBarley"": ""(13)"", ""rye"": ""(57)"", ""maltedRye"": """", ""wheat"": """"}","{""nose"": ""Cut grass, spearmint, sandlewood, bar soap, cinnamon, black licorice and some kind of flower, herbal tea"", ""palate"": ""Cinnamon, rye mint all day"", ""finish"": ""Long""}"
0071,average,American Rye,Straight Rye,Rittenhouse,Bottled-in-Bond,4,50%,100°,,Heaven Hill Distillery,Heaven Hill,Kentucky,#3,"{""corn"": ""37"", ""barley"": """", ""maltedBarley"": ""12"", ""rye"": ""51"", ""maltedRye"": """", ""wheat"": """"}","{""nose"": """", ""palate"": """", ""finish"": """"}"
0072,average,American Rye,Straight Rye,Russell's Reserve,6 yr Rye,6,45%,90°,,Wild Turkey Distillery,Campari,Kentucky,#4,"{""corn"": ""37"", ""barley"": """", ""maltedBarley"": ""12"", ""rye"": ""51"", ""maltedRye"": """", ""wheat"": """"}","{""nose"": """", ""palate"": """", ""finish"": """"}"
0073,average,American Rye,Blend of Straight Rye,Sagamore Spirit,Small Batch,(4-6),46.5%,93°,Blend: 95/5 & 51/45/4 mash bill ryes,Sagamore Spirit Distillery,Independent,Maryland,(#3),"{""corn"": ""0/45"", ""barley"": """", ""maltedBarley"": ""5/4"", ""rye"": ""95/51"", ""maltedRye"": """", ""wheat"": """"}","{""nose"": ""Cut grass, bar soap, green apple, spearmint, cream soda, honey"", ""palate"": ""Citrus and honey upfront turns into wintergreen certs candy"", ""finish"": ""Long""}"
0074,plenty,American Rye,Straight Rye,Still Austin,Straight Rye,2,49.8%,99.6°,Slow-water élevage (proofed monthly in-barrel),Still Austin Distillery,Independent,Texas,#3,"{""corn"": """", ""barley"": """", ""maltedBarley"": ""20"", ""rye"": ""80"", ""maltedRye"": """", ""wheat"": """"}","{""nose"": """", ""palate"": """", ""finish"": """"}"
0075,plenty,American Rye,Straight Rye,Wild Turkey,101,(4-6),50.5%,101°,,Wild Turkey Distillery,Campari,Kentucky,#4,"{""corn"": ""37"", ""barley"": """", ""maltedBarley"": ""12"", ""rye"": ""51"", ""maltedRye"": """", ""wheat"": """"}","{""nose"": ""Spearmint, green apple, brown sugar, cinnamon, black licorice. After a sip I get sandlewood."", ""palate"": ""Light fruit up front, baking spice"", ""finish"": ""Short""}"
0076,plenty,American Rye,Straight Rye,Woodenville,Distiller's Pick Single Barrel,(3-5),57.8%,115.7°,"Single cask, hand-filled at distillery; 100% malted rye grain bill (WA grown)",Woodinville Whiskey Co.,Moët Hennessy,Washington,(#3),"{""corn"": """", ""barley"": """", ""maltedBarley"": """", ""rye"": """", ""maltedRye"": ""100"", ""wheat"": """"}","{""nose"": ""Lemongrass mint explosion, black cherry gummies, sweet blackberry jam, fruit leather"", ""palate"": ""Sweet dark fruity coffee-like, rye mint spice"", ""finish"": ""Long""}"
0077,average,American Wheat,Straight Wheat,Bernheim,Original,7,45%,90°,,Heaven Hill Distillery (Bernheim),Heaven Hill,Kentucky,#3,"{""corn"": ""37"", ""barley"": """", ""maltedBarley"": ""12"", ""rye"": """", ""maltedRye"": """", ""wheat"": ""51""}","{""nose"": """", ""palate"": """", ""finish"": """"}"
0078,plenty,American Wheat,Wheated Straight Bourbon,Maker's Mark,46,(6-7),47%,94°,Finished: seared French oak staves (in-barrel),Maker's Mark Distillery,Beam Suntory,Kentucky,#3,"{""corn"": ""70"", ""barley"": """", ""maltedBarley"": ""14"", ""rye"": """", ""maltedRye"": """", ""wheat"": ""16""}","{""nose"": ""Strawberry nail polish, sweet oak, sugar donut, hazelnut"", ""palate"": ""Metallic fruit, sweet oak, baking spice"", ""finish"": ""Medium""}"
0079,low,American Wheat,Wheated Straight Bourbon,Maker's Mark,,(6),45%,90°,,Maker's Mark Distillery,Beam Suntory,Kentucky,#3,"{""corn"": ""70"", ""barley"": """", ""maltedBarley"": ""14"", ""rye"": """", ""maltedRye"": """", ""wheat"": ""16""}","{""nose"": """", ""palate"": """", ""finish"": """"}"
0080,plenty,American Wheat,Wheated Straight Bourbon,Old Fitzgerald,Bottled-in-Bond 7 yr,7,50%,100°,,Heaven Hill Distillery (Bernheim),Heaven Hill,Kentucky,#3,"{""corn"": ""68"", ""barley"": """", ""maltedBarley"": ""12"", ""rye"": """", ""maltedRye"": """", ""wheat"": ""20""}","{""nose"": ""Gingerbread, sweet, red fruit, slight cinnamon, vanilla, caramel corn"", ""palate"": ""Gingerbread, Christmas spice"", ""finish"": ""Medium""}"
0081,low,American Wheat,Wheated Straight Bourbon,Pappy Van Winkle,Old Rip Van Winkle 10 yr,10,53.5%,107°,BT Wheated Mash Bill,Buffalo Trace Distillery,Sazerac / Van Winkle Family,Kentucky,#4,"{""corn"": ""(76)"", ""barley"": """", ""maltedBarley"": ""(4)"", ""rye"": """", ""maltedRye"": """", ""wheat"": ""(20)""}","{""nose"": """", ""palate"": """", ""finish"": """"}"
0082,plenty,American Wheat,Wheated Straight Bourbon,Rebel,Cask Strength Single Barrel,(4-6),60%,120°,,Lux Row Distillers,MGP Ingredients,Kentucky,#3,"{""corn"": ""(68)"", ""barley"": """", ""maltedBarley"": ""(12)"", ""rye"": """", ""maltedRye"": """", ""wheat"": ""(20)""}","{""nose"": """", ""palate"": """", ""finish"": """"}"
0083,average,American Wheat,Wheated Bourbon,Rebel,Stave Finish Collection Single Barrel,(4-6),55%,110°,Finished: toasted mocha staves (in-barrel),Lux Row Distillers,MGP Ingredients,Kentucky,#3,"{""corn"": ""(68)"", ""barley"": """", ""maltedBarley"": ""(12)"", ""rye"": """", ""maltedRye"": """", ""wheat"": ""(20)""}","{""nose"": """", ""palate"": """", ""finish"": """"}"
0084,plenty,American & Bourbon,Wheated Straight Bourbon,Trader Joe's,Kentucky Best Straight Bourbon,4,40%,80°,Bottled by Lux Row; sourced from Heaven Hill (OFD wheated mash bill),Lux Row Distillers (sourced Heaven Hill),MGP Ingredients,Kentucky,#3,"{""corn"": ""68"", ""barley"": """", ""maltedBarley"": ""12"", ""rye"": """", ""maltedRye"": """", ""wheat"": ""20""}","{""nose"": ""Musty, grain forward, peanut butter (Evan Williams White Label clone?)"", ""palate"": ""Light watery, nutty, grain, oak"", ""finish"": ""Short to medium""}"
0085,average,American Wheat,Wheated Straight Bourbon,Weller,12 yr,12,45%,90°,BT Wheated Mash Bill,Buffalo Trace Distillery,Sazerac,Kentucky,#4,"{""corn"": ""(76)"", ""barley"": """", ""maltedBarley"": ""(4)"", ""rye"": """", ""maltedRye"": """", ""wheat"": ""(20)""}","{""nose"": """", ""palate"": """", ""finish"": """"}"
0086,low,American Wheat,Wheated Straight Bourbon,Weller,Special Reserve,(7),45%,90°,BT Wheated Mash Bill,Buffalo Trace Distillery,Sazerac,Kentucky,#4,"{""corn"": ""(76)"", ""barley"": """", ""maltedBarley"": ""(4)"", ""rye"": """", ""maltedRye"": """", ""wheat"": ""(20)""}","{""nose"": ""Grain, skunk (in a good way), cantelope, marshmallow cream, fruit stripe gum"", ""palate"": ""Light and floral fruity, mild cinnamon"", ""finish"": ""Short""}"
0087,low,American Wheat,Straight Wheat,Woodford Reserve,Wheat,(6-7),45.2%,90.4°,Triple distilled (pot still),Woodford Reserve Distillery,Brown-Forman,Kentucky,#4,"{""corn"": ""20"", ""barley"": """", ""maltedBarley"": ""20"", ""rye"": ""18"", ""maltedRye"": """", ""wheat"": ""52""}","{""nose"": """", ""palate"": """", ""finish"": """"}"
0088,plenty,American & Bourbon,Straight Bourbon,1792,Small Batch,(5-6),46.9%,93.7°,,Barton 1792 Distillery,Sazerac,Kentucky,#3,"{""corn"": ""(74)"", ""barley"": """", ""maltedBarley"": ""(8)"", ""rye"": ""(18)"", ""maltedRye"": """", ""wheat"": """"}","{""nose"": """", ""palate"": """", ""finish"": """"}"
0089,average,American & Bourbon,Straight Bourbon,Angel's Envy,Straight Bourbon,(4-6),43.3%,86.6°,"Finished: French oak ruby port barrels (60-gal, 3-6 mo., Portugal)",Louisville Distilling Co.,Bacardi,Kentucky,#3,"{""corn"": ""72"", ""barley"": """", ""maltedBarley"": ""10"", ""rye"": ""18"", ""maltedRye"": """", ""wheat"": """"}","{""nose"": """", ""palate"": """", ""finish"": """"}"
0090,low,American & Bourbon,Straight Bourbon,Baker's,Baker's 7 Single Barrel,8.11,53.5%,107°,,Jim Beam Distillery,Beam-Suntory,Kentucky,#4,"{""corn"": ""77"", ""barley"": """", ""maltedBarley"": ""10"", ""rye"": ""13"", ""maltedRye"": """", ""wheat"": """"}","{""nose"": """", ""palate"": """", ""finish"": """"}"
0091,average,American & Bourbon,Blend of Straight Bourbons,Barrel,10th Anniversary Blend,8,56.3%,112.6°,"Blend: TN, IN & KY sourced",Various (Sourced & Blended),Independent,"Tennessee, Indiana, Kentucky",(#3),"{""corn"": ""(74)"", ""barley"": """", ""maltedBarley"": ""(10)"", ""rye"": ""(16)"", ""maltedRye"": """", ""wheat"": """"}","{""nose"": """", ""palate"": """", ""finish"": """"}"
0092,average,American & Bourbon,Straight Bourbon,Blue Note,Single Barrel,(3-4),59.4%,118.8°,,Sourced (MGP / KY),Independent,Kentucky,#3,"{""corn"": ""(75)"", ""barley"": """", ""maltedBarley"": ""(12)"", ""rye"": ""(13)"", ""maltedRye"": """", ""wheat"": """"}","{""nose"": """", ""palate"": """", ""finish"": """"}"
0093,plenty,American & Bourbon,"Blend of Straight Bourbon, Straight Rye, and Malts",Booker's,Little Book Chapter 7: In Retrospect,4-18,59.0%,118.1°,"Blend: 18, 17, 9, 4 year bourbon, 10, 4 year rye, 5 year malt; Finished: applewood smoked barrels",Jim Beam Distillery,Beam-Suntory,Kentucky,#4,"{""corn"": ""(60)"", ""barley"": """", ""maltedBarley"": ""(15)"", ""rye"": ""(25)"", ""maltedRye"": """", ""wheat"": """"}","{""nose"": """", ""palate"": """", ""finish"": """"}"
0094,average,American & Bourbon,Straight Bourbon,Booker's,2023-02 Apprentice Batch,7,62.8%,125.5°,,Jim Beam Distillery,Beam-Suntory,Kentucky,#4,"{""corn"": """", ""barley"": """", ""maltedBarley"": """", ""rye"": """", ""maltedRye"": """", ""wheat"": """"}","{""nose"": """", ""palate"": """", ""finish"": """"}"
0095,plenty,American & Bourbon,Straight Bourbon,Buffalo Trace,Benchmark Full Proof,(5-7),62.5%,125°,BT Mash Bill #1,Buffalo Trace Distillery,Sazerac,Kentucky,#4,"{""corn"": ""(75)"", ""barley"": """", ""maltedBarley"": ""(15)"", ""rye"": ""(10)"", ""maltedRye"": """", ""wheat"": """"}","{""nose"": ""Cherry fruit pie, hint of apple cider vinegar, cedar chest. After tasting vanilla, cream."", ""palate"": ""Comes in hot with fruit and wood underneath, baking spice backend"", ""finish"": ""Long""}"
0096,plenty,American & Bourbon,Straight Bourbon,Buffalo Trace,Eagle Rare 10 yr,10,45%,90°,BT Mash Bill #1,Buffalo Trace Distillery,Sazerac,Kentucky,#4,"{""corn"": ""(75)"", ""barley"": """", ""maltedBarley"": ""(15)"", ""rye"": ""(10)"", ""maltedRye"": """", ""wheat"": """"}","{""nose"": ""Marshmallow, cherry, red berries, cherry wood, fruit punch. After tasting grape big league chew, sandlewood"", ""palate"": ""Cherry wood. Medium finish"", ""finish"": ""Medium""}"
0097,plenty,American & Bourbon,Straight Bourbon,Buffalo Trace,Stagg Jr. Batch 25B (Winter 2025),(8-10),63.5%,126.9°,BT Mash Bill #1; unfiltered,Buffalo Trace Distillery,Sazerac,Kentucky,#4,"{""corn"": ""(75)"", ""barley"": """", ""maltedBarley"": ""(15)"", ""rye"": ""(10)"", ""maltedRye"": """", ""wheat"": """"}","{""nose"": ""Marshmallow, vanilla, gingerbread, cinnamon candy, brown sugar, mossy oak, sandlewood, grape bubble gum"", ""palate"": ""Oily, cherry, flash of orange creamsicle, oak, warm spice"", ""finish"": ""Medium to Long""}"
0098,extremely-low,American & Bourbon,Straight Bourbon,Buffalo Trace,Stagg Jr. Batch 17 (Fall 2021),(8-10),64.3%,128.7°,BT Mash Bill #1; unfiltered,Buffalo Trace Distillery,Sazerac,Kentucky,#4,"{""corn"": ""(75)"", ""barley"": """", ""maltedBarley"": ""(15)"", ""rye"": ""(10)"", ""maltedRye"": """", ""wheat"": """"}","{""nose"": """", ""palate"": """", ""finish"": """"}"
0099,plenty,American & Bourbon,Straight Bourbon,Buffalo Trace,Straight Bourbon,(8-10),45%,90°,BT Mash Bill #1,Buffalo Trace Distillery,Sazerac,Kentucky,#4,"{""corn"": ""(75)"", ""barley"": """", ""maltedBarley"": ""(15)"", ""rye"": ""(10)"", ""maltedRye"": """", ""wheat"": """"}","{""nose"": ""Red berries, grape bubble gum, bar soap, fresh cut fruit wood,"", ""palate"": ""Soft, fluffy, fruity cough syrup, just had Stagg so this feels watery, not quite black pepper but in that direction"", ""finish"": ""Short""}"
0100,extremely-low,American & Bourbon,Straight Bourbon,Colonel E.H. Taylor,Small Batch (Bottled-in-Bond),(7-10),50%,100°,BT Mash Bill #1,Buffalo Trace Distillery,Sazerac,Kentucky,#4,"{""corn"": ""(75)"", ""barley"": """", ""maltedBarley"": ""(15)"", ""rye"": ""(10)"", ""maltedRye"": """", ""wheat"": """"}","{""nose"": """", ""palate"": """", ""finish"": """"}"
0101,plenty,American Single Malt,American (Scotch-style ale base),Copper Works,Kilt Lifter Whiskey,5,50%,100°,Brewed at Pike Brewing (unhopped Kilt Lifter Scotch ale); multi-malt incl. malted wheat & peated malt,Copper Works Distillery,Independent,Washington,#3,"{""corn"": """", ""barley"": """", ""maltedBarley"": ""(90)"", ""rye"": """", ""maltedRye"": """", ""wheat"": ""(10)""}","{""nose"": """", ""palate"": """", ""finish"": """"}"
0102,average,American & Bourbon,Straight Bourbon,Crowded Barrel,Eleanor,3,56.1%,112.2°,Finished: Merlot wine casks,Various (Sourced),Independent,Indiana,(#3),"{""corn"": ""75"", ""barley"": """", ""maltedBarley"": ""4"", ""rye"": ""21"", ""maltedRye"": """", ""wheat"": """"}","{""nose"": """", ""palate"": """", ""finish"": """"}"
0103,low,American & Bourbon,Straight Bourbon,Crowded Barrel,Eleanor,5,59.9%,119.8°,,Various (Sourced),Independent,Indiana,(#3),"{""corn"": ""75"", ""barley"": """", ""maltedBarley"": ""4"", ""rye"": ""21"", ""maltedRye"": """", ""wheat"": """"}","{""nose"": """", ""palate"": """", ""finish"": """"}"
0104,low,American & Bourbon,Straight Bourbon,Early Times,Bottled-in-Bond,4,50%,100°,,Barton 1792 Distillery,Sazerac,Kentucky,#3,"{""corn"": ""(74)"", ""barley"": """", ""maltedBarley"": ""(8)"", ""rye"": ""(18)"", ""maltedRye"": """", ""wheat"": """"}","{""nose"": """", ""palate"": """", ""finish"": """"}"
0105,plenty,American & Bourbon,Straight Bourbon,Elijah Craig,Small Batch,(8-12),47%,94°,,Heaven Hill Distillery,Heaven Hill,Kentucky,#3,"{""corn"": ""78"", ""barley"": """", ""maltedBarley"": ""12"", ""rye"": ""10"", ""maltedRye"": """", ""wheat"": """"}","{""nose"": ""Marshmallow, cherry. After tasting sandlewood and musty wood is predominant"", ""palate"": ""Cherry, red fruit turns to a dark fruity spice"", ""finish"": ""Medium""}"
0106,plenty,American & Bourbon,Straight Bourbon,Elijah Craig,Toasted Barrel,(8-12),47%,94°,Finished: toasted barrels,Heaven Hill Distillery,Heaven Hill,Kentucky,#3,"{""corn"": ""78"", ""barley"": """", ""maltedBarley"": ""12"", ""rye"": ""10"", ""maltedRye"": """", ""wheat"": """"}","{""nose"": ""Marshmallow, cherry, butterscotch, caramel candy, opening an unfinished old wooden jewelry box"", ""palate"": ""Soft red fruit cream, warm oaky baking spice, beautiful classic bourbon"", ""finish"": ""Medium""}"
0107,low,American & Bourbon,Straight Bourbon,Elijah Craig,Barrel Proof A121,12,61.8%,123.6°,"Uncut, unfiltered (Jan 2021 batch)",Heaven Hill Distillery,Heaven Hill,Kentucky,#3,"{""corn"": ""78"", ""barley"": """", ""maltedBarley"": ""12"", ""rye"": ""10"", ""maltedRye"": """", ""wheat"": """"}","{""nose"": """", ""palate"": """", ""finish"": """"}"
0108,average,American & Bourbon,Straight Bourbon,Elijah Craig,Barrel Proof A123,12,62.8%,125.6°,"Uncut, unfiltered (Jan 2023 batch)",Heaven Hill Distillery,Heaven Hill,Kentucky,#3,"{""corn"": ""78"", ""barley"": """", ""maltedBarley"": ""12"", ""rye"": ""10"", ""maltedRye"": """", ""wheat"": """"}","{""nose"": """", ""palate"": """", ""finish"": """"}"
0109,average,American & Bourbon,Straight Bourbon,Elijah Craig,Single Barrel,9,68.2%,136.5°,,Heaven Hill Distillery,Heaven Hill,Kentucky,#3,"{""corn"": ""78"", ""barley"": """", ""maltedBarley"": ""12"", ""rye"": ""10"", ""maltedRye"": """", ""wheat"": """"}","{""nose"": """", ""palate"": """", ""finish"": """"}"
0110,average,American & Bourbon,Straight Bourbon,Evan Williams,Bottled-in-Bond,4,50%,100°,,Heaven Hill Distillery (Bernheim),Heaven Hill,Kentucky,#3,"{""corn"": ""78"", ""barley"": """", ""maltedBarley"": ""12"", ""rye"": ""10"", ""maltedRye"": """", ""wheat"": """"}","{""nose"": """", ""palate"": """", ""finish"": """"}"
0111,low,American & Bourbon,Blend of Straight Bourbons,Evernorth Spirits Co.,Night Stalker 02,4.7-7.5,60%,120°,Blend: IN & MD sourced,Various (Sourced),Independent,"Indiana, Maryland",(#3),"{""corn"": ""(74)"", ""barley"": """", ""maltedBarley"": ""(10)"", ""rye"": ""(16)"", ""maltedRye"": """", ""wheat"": """"}","{""nose"": """", ""palate"": """", ""finish"": """"}"
0112,plenty,American & Bourbon,Straight Bourbon,Four Roses,,(5-7),40%,80°,Blend: OBSV & OESV mash bills,Four Roses Distillery,Kirin,Kentucky,#3,"{""corn"": ""(68)"", ""barley"": """", ""maltedBarley"": ""(5)"", ""rye"": ""(27)"", ""maltedRye"": """", ""wheat"": """"}","{""nose"": """", ""palate"": """", ""finish"": """"}"
0113,average,American & Bourbon,Straight Bourbon,Green River,Full Proof,(4-6),58.6%,117.3°,,Green River Distillery,Independent,Kentucky,#3,"{""corn"": ""(68)"", ""barley"": """", ""maltedBarley"": ""(12)"", ""rye"": """", ""maltedRye"": """", ""wheat"": ""(20)""}","{""nose"": """", ""palate"": """", ""finish"": """"}"
0114,average,American & Bourbon,Straight Bourbon,Green River,Straight Bourbon,(4-6),45%,90°,,Green River Distillery,Independent,Kentucky,#3,"{""corn"": ""(68)"", ""barley"": """", ""maltedBarley"": ""(12)"", ""rye"": """", ""maltedRye"": """", ""wheat"": ""(20)""}","{""nose"": """", ""palate"": """", ""finish"": """"}"
0115,average,American & Bourbon,Straight Bourbon,Heaven Hill,Bottled-in-Bond,7,50%,100°,,Heaven Hill Distillery (Bernheim),Heaven Hill,Kentucky,#3,"{""corn"": ""78"", ""barley"": """", ""maltedBarley"": ""12"", ""rye"": ""10"", ""maltedRye"": """", ""wheat"": """"}","{""nose"": ""Grain funk in a good way, marshmallow, cherry, sugar cone, dark chocolate, bar soap"", ""palate"": ""Leather, oak, cinnamon, dark chocolate fudge"", ""finish"": ""Medium""}"
0116,average,American & Bourbon,Straight Bourbon,Heaven's Door,Single Barrel Cask Strength,(4-6),55.3%,110.7°,,Various (Sourced),Independent,Indiana,#3,"{""corn"": ""70"", ""barley"": """", ""maltedBarley"": ""8"", ""rye"": ""22"", ""maltedRye"": """", ""wheat"": """"}","{""nose"": """", ""palate"": """", ""finish"": """"}"
0117,average,American & Bourbon,Straight Bourbon,Henry McKenna,Single Barrel 10 yr,10,50%,100°,,Heaven Hill Distillery (Bernheim),Heaven Hill,Kentucky,#3,"{""corn"": ""78"", ""barley"": """", ""maltedBarley"": ""12"", ""rye"": ""10"", ""maltedRye"": """", ""wheat"": """"}","{""nose"": """", ""palate"": """", ""finish"": """"}"
0118,plenty,American & Bourbon,"Blend of Straight Rye, Straight Bourbon, and Blended Malt Scotch Whiskies",High West,Campfire,(5-10),46%,92°,"Blend: straight rye (UT/IN), straight bourbon (IN) & blended malt Scotch",High West Distillery,Constellation Brands,"Utah, Indiana, Kentucky, Scotland",(#3),"{""corn"": ""(45)"", ""barley"": """", ""maltedBarley"": ""(25)"", ""rye"": ""(30)"", ""maltedRye"": """", ""wheat"": """"}","{""nose"": """", ""palate"": """", ""finish"": """"}"
0119,low,American & Bourbon,Tennessee,Jack Daniel's,Old No. 7,(4-7),40%,80°,Lincoln County Process charcoal filtered (maple),Jack Daniel Distillery,Brown-Forman,Tennessee,#3,"{""corn"": ""80"", ""barley"": """", ""maltedBarley"": ""12"", ""rye"": ""8"", ""maltedRye"": """", ""wheat"": """"}","{""nose"": """", ""palate"": """", ""finish"": """"}"
0120,plenty,American & Bourbon,Tennessee,Jack Daniel's,Single Barrel Barrel Proof,(5-7),64.6%,129.2°,Lincoln County Process charcoal filtered (maple),Jack Daniel Distillery,Brown-Forman,Tennessee,#3,"{""corn"": ""80"", ""barley"": """", ""maltedBarley"": ""12"", ""rye"": ""8"", ""maltedRye"": """", ""wheat"": """"}","{""nose"": """", ""palate"": """", ""finish"": """"}"
0121,extremely-low,American & Bourbon,Tennessee,Jack Daniel's,Single Barrel Barrel Proof,(5-7),64.4%,128.8°,Lincoln County Process charcoal filtered (maple),Jack Daniel Distillery,Brown-Forman,Tennessee,#3,"{""corn"": ""80"", ""barley"": """", ""maltedBarley"": ""12"", ""rye"": ""8"", ""maltedRye"": """", ""wheat"": """"}","{""nose"": """", ""palate"": """", ""finish"": """"}"
0122,plenty,American & Bourbon,Tennessee,Jack Daniel's,Single Barrel Heritage,(5-7),50%,100°,Lincoln County Process charcoal filtered (maple),Jack Daniel Distillery,Brown-Forman,Tennessee,#3,"{""corn"": ""80"", ""barley"": """", ""maltedBarley"": ""12"", ""rye"": ""8"", ""maltedRye"": """", ""wheat"": """"}","{""nose"": ""Banana cream, toasted marshmallow, cherry cough drop, graham cracker"", ""palate"": ""Citrus, cherry cough syrup, spice, oak, vanilla cream"", ""finish"": ""Long""}"
0123,average,American & Bourbon,Tennessee,Jack Daniel's,Single Barrel Select,(5-7),47%,94°,Lincoln County Process charcoal filtered (maple),Jack Daniel Distillery,Brown-Forman,Tennessee,#3,"{""corn"": ""80"", ""barley"": """", ""maltedBarley"": ""12"", ""rye"": ""8"", ""maltedRye"": """", ""wheat"": """"}","{""nose"": ""Banana cream, vanilla oreo cookies, marshmallow, cherry cough drop"", ""palate"": ""Banana turns into spice then into the vanilla cookie"", ""finish"": ""Medium""}"
0124,plenty,American & Bourbon,Straight Bourbon,J.T.S. Brown,Bottled-in-Bond,(4-6),50%,100°,,Heaven Hill Distillery (Bernheim),Heaven Hill,Kentucky,#3,"{""corn"": ""78"", ""barley"": """", ""maltedBarley"": ""12"", ""rye"": ""10"", ""maltedRye"": """", ""wheat"": """"}","{""nose"": """", ""palate"": """", ""finish"": """"}"
0125,extremely-low,American & Bourbon,Straight Bourbon,Knob Creek,18 yr,18,50%,100°,,Jim Beam Distillery,Beam-Suntory,Kentucky,#4,"{""corn"": ""75"", ""barley"": """", ""maltedBarley"": ""12"", ""rye"": ""13"", ""maltedRye"": """", ""wheat"": """"}","{""nose"": """", ""palate"": """", ""finish"": """"}"
0126,plenty,American & Bourbon,Straight Bourbon,Knob Creek,12 yr,12,50%,100°,,Jim Beam Distillery,Beam-Suntory,Kentucky,#4,"{""corn"": ""75"", ""barley"": """", ""maltedBarley"": ""12"", ""rye"": ""13"", ""maltedRye"": """", ""wheat"": """"}","{""nose"": """", ""palate"": """", ""finish"": """"}"
0127,plenty,American & Bourbon,Straight Bourbon,Knob Creek,9 yr,9,50%,100°,,Jim Beam Distillery,Beam-Suntory,Kentucky,#4,"{""corn"": ""75"", ""barley"": """", ""maltedBarley"": ""12"", ""rye"": ""13"", ""maltedRye"": """", ""wheat"": """"}","{""nose"": ""Peanuts, vanilla, oak, hint of berries, something sweet and musty, caramel"", ""palate"": ""Citrus, oak, black pepper, spicy peanuts,"", ""finish"": ""Medium""}"
0128,average,American & Bourbon,Straight Bourbon,Knob Creek,9 Single Barrel Reserve,9,60%,120°,,Jim Beam Distillery,Beam-Suntory,Kentucky,#4,"{""corn"": ""75"", ""barley"": """", ""maltedBarley"": ""12"", ""rye"": ""13"", ""maltedRye"": """", ""wheat"": """"}","{""nose"": ""Oak, leather, caramel, vanilla, dried red fruit"", ""palate"": ""Citrus, oak, black pepper"", ""finish"": ""Medium to Long""}"
0129,plenty,American & Bourbon,Straight Bourbon,Knob Creek,Blender's Edition 01,10,53%,106°,,Jim Beam Distillery,Beam-Suntory,Kentucky,#4,"{""corn"": ""75"", ""barley"": """", ""maltedBarley"": ""12"", ""rye"": ""13"", ""maltedRye"": """", ""wheat"": """"}","{""nose"": ""Oak, Caramel, roses and marshmallow when backing nose away, peanut when putting nose in deep, cherry"", ""palate"": ""Oak, sweet caramel and vanilla, very smooth and easy drinking, red berry fruit, floral,"", ""finish"": ""Medium""}"
0130,plenty,American Rye,Blend of Straight Bourbon and Straight Rye,Knob Creek,Bourbon X Rye,7,56.5%,113°,"Blend: 30% 9yr bourbon, 70% 7yr rye",Jim Beam Distillery,Beam-Suntory,Kentucky,#4,"{""corn"": ""(56)"", ""barley"": """", ""maltedBarley"": ""(10)"", ""rye"": ""(34)"", ""maltedRye"": """", ""wheat"": """"}","{""nose"": ""Caramel, butterscotch, butter, marshmallow, lemon, cantelope"", ""palate"": ""Sweet citrus, mint, definitely rye forward after sweet front"", ""finish"": ""Medium""}"
0131,plenty,American & Bourbon,Straight Bourbon,Michter's,Small Batch,(5-7),45.7%,91.4°,Chill filtered,Michter's Distillery (Shively),Chatham Imports,Kentucky,#3,"{""corn"": ""79"", ""barley"": """", ""maltedBarley"": ""10"", ""rye"": ""11"", ""maltedRye"": """", ""wheat"": """"}","{""nose"": """", ""palate"": """", ""finish"": """"}"
0132,plenty,American & Bourbon,American,Michter's,American Whiskey,(4-6),41.7%,83.4°,Used American oak; chill filtered,Michter's Distillery (Shively),Chatham Imports,Kentucky,#3,"{""corn"": ""79"", ""barley"": """", ""maltedBarley"": ""10"", ""rye"": ""11"", ""maltedRye"": """", ""wheat"": """"}","{""nose"": ""Peach, floral, laffy taffy. After tasting mild clove, bar soap, vanilla, cut grass"", ""palate"": ""Light and fruity all the way through (maybe some orange, too). After a few tastes, mild spice on backend with vanilla"", ""finish"": ""Short""}"
0133,plenty,American & Bourbon,American,Michter's,Sour Mash,(4-6),43%,86°,Chill filtered,Michter's Distillery (Shively),Chatham Imports,Kentucky,#3,"{""corn"": ""(79)"", ""barley"": """", ""maltedBarley"": ""(10)"", ""rye"": ""(11)"", ""maltedRye"": """", ""wheat"": """"}","{""nose"": ""Apricot, floral, sandlewood, light cinnamon, grassy, earthy"", ""palate"": ""Cough medicine, sweet cinnamon candy"", ""finish"": ""Short""}"
0134,plenty,American & Bourbon,Straight Corn,Mellow Corn,,4,50%,100°,Used barrels,Heaven Hill Distillery (Bernheim),Heaven Hill,Kentucky,#2,"{""corn"": ""80"", ""barley"": """", ""maltedBarley"": ""12"", ""rye"": ""8"", ""maltedRye"": """", ""wheat"": """"}","{""nose"": ""Rubbing alcohol overwhelms on first sniff then turns into grape bubble gum, toasted marshmallow, vanilla Oreos. After tasting, graham crackers, grain dust"", ""palate"": ""Vanilla cream into honey into baking spice. Citrus or something tart, youthy grain notes."", ""finish"": ""Medium""}"
0135,plenty,American & Bourbon,Straight Bourbon,New Riff,Straight Bourbon,4,50%,100°,,New Riff Distillery,Independent,Kentucky,#3,"{""corn"": ""65"", ""barley"": """", ""maltedBarley"": ""5"", ""rye"": ""30"", ""maltedRye"": """", ""wheat"": """"}","{""nose"": ""Orange zest, rye grass spice, toffee, leather briefcase, sweet caramel,"", ""palate"": ""Orange xmas spice, classic bourbon leather/oak/spice with rye mint trying to take over"", ""finish"": ""Medium""}"
0136,average,American & Bourbon,Straight Bourbon,Old Forester,1920,(7-9),57.5%,115°,,Brown-Forman Distillery,Brown-Forman,Kentucky,#4,"{""corn"": ""72"", ""barley"": """", ""maltedBarley"": ""10"", ""rye"": ""18"", ""maltedRye"": """", ""wheat"": """"}","{""nose"": ""Black cherry cola, leatherbound book, tobacco. After tasting spicy grass"", ""palate"": ""Dark cherry to cinnamon spicy, dark chocolate covered cherry with cayenne"", ""finish"": ""Long""}"
0137,plenty,American & Bourbon,Straight Bourbon,Old Forester,1910,(6-8),46.5%,93°,Finished: heavily charred new oak (double barreled),Brown-Forman Distillery,Brown-Forman,Kentucky,#4,"{""corn"": ""72"", ""barley"": """", ""maltedBarley"": ""10"", ""rye"": ""18"", ""maltedRye"": """", ""wheat"": """"}","{""nose"": ""Cherry cola/cough syrup, dusty barn/grain, black pepper, leather, brown sugar, chocolate covered coffee beans"", ""palate"": ""Cherry cough syrup, black pepper"", ""finish"": ""Medium to Long""}"
0138,average,American & Bourbon,Straight Bourbon,Old Forester,1897,(6-8),50%,100°,,Brown-Forman Distillery,Brown-Forman,Kentucky,#4,"{""corn"": ""72"", ""barley"": """", ""maltedBarley"": ""10"", ""rye"": ""18"", ""maltedRye"": """", ""wheat"": """"}","{""nose"": """", ""palate"": """", ""finish"": """"}"
0139,low,American & Bourbon,Straight Bourbon,Old Forester,1870,(5-7),45%,90°,,Brown-Forman Distillery,Brown-Forman,Kentucky,#4,"{""corn"": ""72"", ""barley"": """", ""maltedBarley"": ""10"", ""rye"": ""18"", ""maltedRye"": """", ""wheat"": """"}","{""nose"": """", ""palate"": """", ""finish"": """"}"
0140,plenty,American & Bourbon,Straight Bourbon,Old Forester,86,(4-6),43%,86°,,Brown-Forman Distillery,Brown-Forman,Kentucky,#4,"{""corn"": ""72"", ""barley"": """", ""maltedBarley"": ""10"", ""rye"": ""18"", ""maltedRye"": """", ""wheat"": """"}","{""nose"": ""Cherry cola, spearmint citrus, leather. After tasting brownie, vanilla, marshmallow"", ""palate"": ""Soft red fruit and citrus rolling into spearmint spice"", ""finish"": ""Medium""}"
0141,extremely-low,American & Bourbon,Straight Bourbon,Old Forester,Single Barrel Whse L Floor 3,(6-9),50%,100°,,Brown-Forman Distillery,Brown-Forman,Kentucky,#4,"{""corn"": ""72"", ""barley"": """", ""maltedBarley"": ""10"", ""rye"": ""18"", ""maltedRye"": """", ""wheat"": """"}","{""nose"": """", ""palate"": """", ""finish"": """"}"
0142,average,American & Bourbon,Straight Bourbon,Old Forester,King Ranch,(6-9),52.5%,105°,Mesquite charcoal filtered,Brown-Forman Distillery,Brown-Forman,Kentucky,#4,"{""corn"": ""72"", ""barley"": """", ""maltedBarley"": ""10"", ""rye"": ""18"", ""maltedRye"": """", ""wheat"": """"}","{""nose"": """", ""palate"": """", ""finish"": """"}"
0143,average,American & Bourbon,Straight Bourbon,Old Grand-Dad,114,(4-5),57%,114°,High-rye mash bill,Jim Beam Distillery,Beam-Suntory,Kentucky,#4,"{""corn"": ""63"", ""barley"": """", ""maltedBarley"": ""10"", ""rye"": ""27"", ""maltedRye"": """", ""wheat"": """"}","{""nose"": """", ""palate"": """", ""finish"": """"}"
0144,average,American & Bourbon,Straight Bourbon,Penelope,Toasted,4,50%,100°,,Various (Sourced),Independent,Indiana,#1,"{""corn"": ""75"", ""barley"": """", ""maltedBarley"": ""4"", ""rye"": ""21"", ""maltedRye"": """", ""wheat"": """"}","{""nose"": """", ""palate"": """", ""finish"": """"}"
0145,low,American & Bourbon,Straight Bourbon,Russell's Reserve,10 yr,10,45%,90°,,Wild Turkey Distillery,Campari,Kentucky,#4,"{""corn"": ""75"", ""barley"": """", ""maltedBarley"": ""12"", ""rye"": ""13"", ""maltedRye"": """", ""wheat"": """"}","{""nose"": """", ""palate"": """", ""finish"": """"}"
0146,extremely-low,American & Bourbon,Straight Bourbon,Russell's Reserve,Single Barrel,(9-12),55%,110°,,Wild Turkey Distillery,Campari,Kentucky,#4,"{""corn"": ""75"", ""barley"": """", ""maltedBarley"": ""12"", ""rye"": ""13"", ""maltedRye"": """", ""wheat"": """"}","{""nose"": """", ""palate"": """", ""finish"": """"}"
0147,plenty,American & Bourbon,Straight Bourbon,Smokeye Hill,Barrel Proof,5,67.1%,134.2°,,Smokeye Hill Distillery,Independent,Colorado,(#3),"{""corn"": ""(70)"", ""barley"": """", ""maltedBarley"": ""(10)"", ""rye"": ""(20)"", ""maltedRye"": """", ""wheat"": """"}","{""nose"": ""Raisin, corn dust, molasses, vanilla,"", ""palate"": ""Cinnamon, black pepper, dark dried fruit"", ""finish"": ""Medium""}"
0148,low,American & Bourbon,Straight Bourbon,Still Austin,The Musician Cask Strength,2,59%,118°,Texas grain,Still Austin Distillery,Independent,Texas,#3,"{""corn"": ""70"", ""barley"": """", ""maltedBarley"": ""5"", ""rye"": ""25"", ""maltedRye"": """", ""wheat"": """"}","{""nose"": """", ""palate"": """", ""finish"": """"}"
0149,low,American & Bourbon,Straight Bourbon,Still Austin,The Musician,2,49.2%,98.4°,Texas grain,Still Austin Distillery,Independent,Texas,#3,"{""corn"": ""70"", ""barley"": """", ""maltedBarley"": ""5"", ""rye"": ""25"", ""maltedRye"": """", ""wheat"": """"}","{""nose"": """", ""palate"": """", ""finish"": """"}"
0150,plenty,American & Bourbon,Tennessee,Trader Joe's,Tennessee Sour Mash Bourbon,0.5,40%,80°,Lincoln County Process charcoal filtered (maple),Contract / Undisclosed,Trader Joe's,Tennessee,(#3),"{""corn"": ""(80)"", ""barley"": """", ""maltedBarley"": ""(12)"", ""rye"": ""(8)"", ""maltedRye"": """", ""wheat"": """"}","{""nose"": ""Nail polish, marker, green apple, colored marshmallows, sugar, nutty"", ""palate"": ""Sour, metallic, pistachio husk"", ""finish"": ""Short""}"
0151,plenty,American & Bourbon,Straight Bourbon,Trader Joe's,Kentucky Straight Bourbon,(4-6),45%,90°,,Contract / Undisclosed,Trader Joe's,Kentucky,(#4),"{""corn"": ""(75)"", ""barley"": """", ""maltedBarley"": ""(12)"", ""rye"": ""(13)"", ""maltedRye"": """", ""wheat"": """"}","{""nose"": """", ""palate"": """", ""finish"": """"}"
0152,plenty,American & Bourbon,Blended Straight Whiskey,TX Whiskey,Experimental Series #15,8,41.8%,83.5°,"Blend: 5yr straight rye, 5yr bourbon finished in vino de naranja casks for 3yr (Spanish white wine fortified with orange peels as it aged)",Firestone & Robertson Distilling Co.,Pernod Ricard,Texas,(#3),"{""corn"": ""74 / 0"", ""barley"": """", ""maltedBarley"": ""12 / 0"", ""rye"": ""14 / 85"", ""maltedRye"": ""0 / 15"", ""wheat"": """"}","{""nose"": ""Green apple, butterscotch, caramel/brown sugar, slight coconut, slight grassy rye,"", ""palate"": ""Coffee, mint, green apple, fancy jam in little jar"", ""finish"": ""Short to Medium""}"
0153,plenty,American & Bourbon,Straight Bourbon,Very Old Barton,80 Proof,(4-6),40%,80°,,Barton 1792 Distillery,Sazerac,Kentucky,#3,"{""corn"": ""75"", ""barley"": """", ""maltedBarley"": ""10"", ""rye"": ""15"", ""maltedRye"": """", ""wheat"": """"}","{""nose"": """", ""palate"": """", ""finish"": """"}"
0154,extremely-low,American & Bourbon,Straight Bourbon,Very Old Barton,100 Proof,(4-6),50%,100°,,Barton 1792 Distillery,Sazerac,Kentucky,#3,"{""corn"": ""75"", ""barley"": """", ""maltedBarley"": ""10"", ""rye"": ""15"", ""maltedRye"": """", ""wheat"": """"}","{""nose"": """", ""palate"": """", ""finish"": """"}"
0155,plenty,American & Bourbon,Straight Bourbon,Wild Turkey,101,6-8,50.5%,101°,,Wild Turkey Distillery,Campari,Kentucky,#4,"{""corn"": ""75"", ""barley"": """", ""maltedBarley"": ""12"", ""rye"": ""13"", ""maltedRye"": """", ""wheat"": """"}","{""nose"": """", ""palate"": """", ""finish"": """"}"
0156,average,American & Bourbon,Straight Bourbon,Wild Turkey,101 8 yr,8,50.5%,101°,,Wild Turkey Distillery,Campari,Kentucky,#4,"{""corn"": ""75"", ""barley"": """", ""maltedBarley"": ""12"", ""rye"": ""13"", ""maltedRye"": """", ""wheat"": """"}","{""nose"": """", ""palate"": """", ""finish"": """"}"
0157,average,American & Bourbon,Straight Bourbon,Wild Turkey,Rare Breed,6-12,58.4%,116.8°,"Blend: 6, 8 & 12yr barrels; uncut",Wild Turkey Distillery,Campari,Kentucky,#4,"{""corn"": ""75"", ""barley"": """", ""maltedBarley"": ""12"", ""rye"": ""13"", ""maltedRye"": """", ""wheat"": """"}","{""nose"": ""Cornbread, peach pie, tobacco, lemon zest, cinnamon, wintergreen mint"", ""palate"": ""Fruit pie, cinnamon for days"", ""finish"": ""Long""}"
0158,plenty,American & Bourbon,Straight Bourbon,Woodford Reserve,Double Oaked,(6-7),45.2%,90.4°,Finished: heavy toast / light char new oak (double barreled),Woodford Reserve Distillery,Brown-Forman,Kentucky,#4,"{""corn"": ""72"", ""barley"": """", ""maltedBarley"": ""10"", ""rye"": ""18"", ""maltedRye"": """", ""wheat"": """"}","{""nose"": """", ""palate"": """", ""finish"": """"}"
0159,plenty,American & Bourbon,Straight Bourbon,Woodford Reserve,Woodford Reserve,(6-7),45.2%,90.4°,Triple distilled (pot still),Woodford Reserve Distillery,Brown-Forman,Kentucky,#4,"{""corn"": ""72"", ""barley"": """", ""maltedBarley"": ""10"", ""rye"": ""18"", ""maltedRye"": """", ""wheat"": """"}","{""nose"": """", ""palate"": """", ""finish"": """"}"
0160,bottle-kill,American Wheat,Wheated Straight Bourbon,Crowded Barrel,Eleanor,4,60%,120°,,Various (Sourced),Independent,Indiana,(#3),"{""corn"": ""51"", ""barley"": """", ""maltedBarley"": ""4"", ""rye"": """", ""maltedRye"": """", ""wheat"": ""45""}","{""nose"": """", ""palate"": """", ""finish"": """"}"
0161,plenty,,,Plenty,,XX official age,,,,,,,,"{""corn"": """", ""barley"": """", ""maltedBarley"": """", ""rye"": """", ""maltedRye"": """", ""wheat"": """"}","{""nose"": """", ""palate"": """", ""finish"": """"}"
0162,average,,,Average,,XX-XX range,,,,,,,,"{""corn"": """", ""barley"": """", ""maltedBarley"": """", ""rye"": """", ""maltedRye"": """", ""wheat"": """"}","{""nose"": """", ""palate"": """", ""finish"": """"}"
0163,low,,,Low,,XX.XX yrs.mos,,,,,,,,"{""corn"": """", ""barley"": """", ""maltedBarley"": """", ""rye"": """", ""maltedRye"": """", ""wheat"": """"}","{""nose"": """", ""palate"": """", ""finish"": """"}"
0164,extremely-low,,,Extremely Low,,(XX) assumed age,,,,,,,,"{""corn"": """", ""barley"": """", ""maltedBarley"": """", ""rye"": """", ""maltedRye"": """", ""wheat"": """"}","{""nose"": """", ""palate"": """", ""finish"": """"}"
